run_id,fetch_time,page,locale,performance,accessibility,best_practices,seo,lcp_ms,cls,tbt_ms,fcp_ms,speed_index_ms,total_bytes,contrast_score,perf_pass,strict_pass
localhost-_-2026_09_19_17_09_59,2026-09-19T17:09:59.682Z,/,ru,0.55,0.98,1,1,4461.93,0.0523912265492525,2467.5,1345.52,2562.64,602642,1,0,1
localhost-_en_-2026_09_19_17_10_12,2026-09-19T17:10:12.842Z,/en/,en,0.61,0.98,1,1,3397.23,0.0523912265492525,4522,1372.23,1372.23,675998,1,0,1
localhost-_writing_-2026_09_19_17_10_26,2026-09-19T17:10:26.643Z,/writing/,ru,0.92,0.96,1,1,3323.56,0,0,1136.78,1136.78,675235,0,1,0
localhost-_topics_-2026_09_19_17_10_42,2026-09-19T17:10:42.680Z,/topics/,ru,0.99,1,1,1,1965.64,0,0,915.64,915.64,243539,1,1,1
localhost-_projects_volta_-2026_09_19_17_10_55,2026-09-19T17:10:55.140Z,/projects/volta/,ru,0.98,1,1,1,2267.57,0,0,1296.97,1296.97,263859,1,1,1
localhost-_-2026_09_19_17_14_55,2026-09-19T17:14:55.949Z,/,ru,0.66,0.98,1,1,2667.62,0.0523912265492525,3591.46,1341.22,1341.22,602642,1,0,1
localhost-_en_-2026_09_19_17_15_09,2026-09-19T17:15:09.127Z,/en/,en,0.61,0.98,1,1,3395.42,0.0523912265492525,3703.5,1370.42,1370.42,675998,1,0,1
localhost-_writing_-2026_09_19_17_15_21,2026-09-19T17:15:21.541Z,/writing/,ru,0.92,0.96,1,1,3331.33,0,0,1140.67,1140.67,675235,0,1,0
localhost-_topics_-2026_09_19_17_15_34,2026-09-19T17:15:34.693Z,/topics/,ru,0.99,1,1,1,1969.53,0,0,919.53,919.53,243539,1,1,1
localhost-_projects_volta_-2026_09_19_17_15_45,2026-09-19T17:15:45.578Z,/projects/volta/,ru,0.98,1,1,1,2272.7,0,0,1303.37,1303.37,263859,1,1,1
localhost--2026_09_20_20_17_23,2026-09-20T20:17:23.817Z,/,ru,0.64,0.98,1,1,2869.1,0.04991863600381091,3515.69,1896.24,2538.35,602916,1,0,1
localhost-en_-2026_09_20_20_17_40,2026-09-20T20:17:40.492Z,/en/,en,0.64,0.98,1,1,3115.67,0.04991863600381091,2847,1165.67,1165.67,676255,1,0,1
localhost-writing_-2026_09_20_20_17_54,2026-09-20T20:17:54.085Z,/writing/,ru,0.92,0.96,1,1,3342.47,0,0,1146.23,1146.23,675349,0,1,0
localhost-topics_-2026_09_20_20_18_06,2026-09-20T20:18:06.007Z,/topics/,ru,0.99,1,1,1,1973.88,0,0,923.88,923.88,243653,1,1,1
localhost-projects_volta_-2026_09_20_20_18_17,2026-09-20T20:18:17.237Z,/projects/volta/,ru,0.99,1,1,1,2116.49,0,0,1216.49,1216.49,274394,1,1,1
localhost--2026_09_20_20_49_42,2026-09-20T20:49:42.023Z,/,ru,0.96,1,1,1,2571.25,0.04991863600381091,0,1378.09,2393.46,244522,1,1,1
localhost-en_-2026_09_20_20_49_55,2026-09-20T20:49:55.568Z,/en/,en,0.95,1,1,1,2808.55,0.04991863600381091,0,1175.33,1175.33,317860,1,1,1
localhost-writing_-2026_09_20_20_50_07,2026-09-20T20:50:07.608Z,/writing/,ru,0.97,0.96,1,1,2494.25,0,0,1137.03,1137.03,625237,0,1,0
localhost-topics_-2026_09_20_20_50_20,2026-09-20T20:50:20.786Z,/topics/,ru,0.99,1,1,1,1967.26,0,0,1071.58,1071.58,193538,1,1,1
localhost-projects_volta_-2026_09_20_20_50_31,2026-09-20T20:50:31.976Z,/projects/volta/,ru,0.99,1,1,1,2114.95,0,0,1214.95,1214.95,224280,1,1,1
localhost--2026_09_20_21_35_19,2026-09-20T21:35:19.021Z,/,ru,0.97,1,1,1,2585.77,0.04991863600381091,0,1346.82,1346.82,244476,1,1,1
localhost-en_-2026_09_20_21_35_31,2026-09-20T21:35:31.395Z,/en/,en,0.94,1,1,1,2949.6,0.04991863600381091,0,1161.9,1161.9,317814,1,1,1
localhost-writing_-2026_09_20_21_35_43,2026-09-20T21:35:43.325Z,/writing/,ru,0.94,0.96,1,1,3107.3,0,0,1141.15,1141.15,625191,0,1,0
localhost-topics_-2026_09_20_21_35_54,2026-09-20T21:35:54.849Z,/topics/,ru,0.99,1,1,1,1964.87,0,0,1068.59,1068.59,193492,1,1,1
localhost-projects_-2026_09_20_21_36_06,2026-09-20T21:36:06.098Z,/projects/,ru,0.99,1,1,1,2113.06,0,0,1144.59,1144.59,211286,1,1,1
localhost-en_projects_-2026_09_20_21_36_17,2026-09-20T21:36:17.394Z,/en/projects/,en,0.98,1,1,1,2411.93,0,0,1142.9,1142.9,284443,1,1,1
localhost-projects_volta_-2026_09_20_21_36_29,2026-09-20T21:36:29.345Z,/projects/volta/,ru,0.98,1,1,1,2272.33,0,0,1302.91,1302.91,224234,1,1,1
localhost--2026_09_27_19_56_11,2026-09-27T19:56:11.083Z,/,ru,0.96,1,1,1,2587.38,0.06478483939922386,0,1379.9,2625.18,219256,1,1,1
localhost-en_-2026_09_27_19_56_24,2026-09-27T19:56:24.328Z,/en/,en,0.92,1,1,1,3160.35,0.0678044502888681,0,1590.53,1590.53,311406,1,1,1
localhost-writing_-2026_09_27_19_56_35,2026-09-27T19:56:35.239Z,/writing/,ru,0.79,1,1,1,5733.26,0,0,1066.63,1066.63,1534549,1,0,1
localhost-en_writing_-2026_09_27_19_56_46,2026-09-27T19:56:46.565Z,/en/writing/,en,0.88,0.96,1,1,3934.97,0,0,1142.48,1142.48,632039,0,1,0
localhost-topics_-2026_09_27_19_56_57,2026-09-27T19:56:57.443Z,/topics/,ru,0.99,1,1,1,2106.96,0,0,1135.44,1135.44,164973,1,1,1
localhost-projects_-2026_09_27_19_57_07,2026-09-27T19:57:07.953Z,/projects/,ru,0.98,1,1,1,2336.02,0,0,1294.29,1294.29,182379,1,1,1
localhost-en_projects_-2026_09_27_19_57_19,2026-09-27T19:57:19.021Z,/en/projects/,en,0.97,1,1,1,2634.86,0,0,1142.25,1142.25,255065,1,1,1
localhost-projects_volta_-2026_09_27_19_57_30,2026-09-27T19:57:30.258Z,/projects/volta/,ru,0.98,1,1,1,2259.94,0,0,1289.91,1289.91,196323,1,1,1
localhost-posts_cohort_retention_guide_-2026_09_27_19_57_42,2026-09-27T19:57:42.151Z,/posts/cohort-retention-guide/,ru,0.98,0.96,1,1,2256.19,0,0,1282.73,1282.73,188785,0,1,0
localhost-about_-2026_09_27_19_57_53,2026-09-27T19:57:53.425Z,/about/,ru,0.98,0.96,1,1,2258.26,0,0,1289.45,1289.45,183481,0,1,0
localhost-value_-2026_09_27_19_58_04,2026-09-27T19:58:04.341Z,/value/,ru,0.99,0.95,1,1,2108.92,0,0,1138.38,1138.38,165179,0,1,0
localhost-contact_-2026_09_27_19_58_14,2026-09-27T19:58:14.848Z,/contact/,ru,0.99,0.95,0.79,1,2107.97,0,0,1136.95,1136.95,168806,0,1,0
localhost-en_contact_-2026_09_27_19_58_25,2026-09-27T19:58:25.717Z,/en/contact/,en,0.97,0.95,0.79,1,2558.87,0,0,1138.3,1138.3,243075,0,1,0
localhost-graph_-2026_09_27_19_58_36,2026-09-27T19:58:36.578Z,/graph/,ru,0.97,1,1,1,2411.43,0,0,1445,1445,195452,1,1,1
localhost-404_html-2026_09_27_19_58_47,2026-09-27T19:58:47.518Z,/404.html,ru,0.99,1,1,1,2107.42,0,0,1136.14,1136.14,166716,1,1,1
localhost--2026_09_27_20_04_34,2026-09-27T20:04:34.994Z,/,ru,0.96,1,1,1,2589.25,0.06902697833868777,0,1327.05,1327.05,219286,1,1,1
localhost-en_-2026_09_27_20_04_46,2026-09-27T20:04:46.945Z,/en/,en,0.92,1,1,1,3160.17,0.0678044502888681,0,1665.25,1665.25,311437,1,1,1
localhost-writing_-2026_09_27_20_04_58,2026-09-27T20:04:58.506Z,/writing/,ru,0.98,1,1,1,2336.76,0,0,1142.64,1142.64,1534579,1,1,1
localhost-en_writing_-2026_09_27_20_05_09,2026-09-27T20:05:09.729Z,/en/writing/,en,0.96,1,1,1,2784.26,0,0,1141.21,1141.21,632070,1,1,1
localhost-topics_-2026_09_27_20_05_20,2026-09-27T20:05:20.485Z,/topics/,ru,0.99,1,1,1,2106.54,0,0,1134.81,1134.81,165004,1,1,1
localhost-projects_-2026_09_27_20_05_31,2026-09-27T20:05:31.382Z,/projects/,ru,0.98,1,1,1,2262.67,0,0,1294,1294,182409,1,1,1
localhost-en_projects_-2026_09_27_20_05_42,2026-09-27T20:05:42.945Z,/en/projects/,en,0.97,1,1,1,2637.24,0,0,1146.43,1146.43,255096,1,1,1
localhost-projects_volta_-2026_09_27_20_05_54,2026-09-27T20:05:54.154Z,/projects/volta/,ru,0.98,1,1,1,2256.89,0,0,1285.33,1285.33,196353,1,1,1
localhost-posts_cohort_retention_guide_-2026_09_27_20_06_06,2026-09-27T20:06:06.031Z,/posts/cohort-retention-guide/,ru,0.98,1,1,1,2257.09,0,0,1283.86,1283.86,188816,1,1,1
localhost-about_-2026_09_27_20_06_17,2026-09-27T20:06:17.484Z,/about/,ru,0.98,1,1,1,2259.39,0,0,1368.78,1368.78,183511,1,1,1
localhost-value_-2026_09_27_20_06_28,2026-09-27T20:06:28.378Z,/value/,ru,0.99,1,1,1,2107.49,0,0,1136.23,1136.23,165210,1,1,1
localhost-contact_-2026_09_27_20_06_39,2026-09-27T20:06:39.125Z,/contact/,ru,0.99,1,0.79,1,2106.54,0,0,1133.17,1133.17,168842,1,1,0
localhost-en_contact_-2026_09_27_20_06_50,2026-09-27T20:06:50.265Z,/en/contact/,en,0.97,1,0.79,1,2562.07,0,0,1143.1,1143.1,243107,1,1,0
localhost-graph_-2026_09_27_20_07_01,2026-09-27T20:07:01.317Z,/graph/,ru,0.97,1,1,1,2413.8,0,0,1449.15,1449.15,195481,1,1,1
localhost-404_html-2026_09_27_20_07_12,2026-09-27T20:07:12.781Z,/404.html,ru,0.99,1,1,1,2107.17,0,0,1133.96,1133.96,166747,1,1,1
localhost--2026_09_27_20_12_32,2026-09-27T20:12:32.619Z,/,ru,0.96,1,1,1,2611.64,0.06902697833868777,0,1338.48,1338.48,219292,1,1,1
localhost--2026_09_27_20_12_38,2026-09-27T20:12:38.397Z,/,ru,0.96,1,1,1,2567.94,0.06478483939922386,0,1364.35,2500.06,219292,1,1,1
localhost-en_-2026_09_27_20_12_44,2026-09-27T20:12:44.323Z,/en/,en,0.92,1,1,1,3162.28,0.0678044502888681,0,1518.42,1518.42,311442,1,1,1
localhost-en_-2026_09_27_20_12_50,2026-09-27T20:12:50.890Z,/en/,en,0.92,1,1,1,3157.75,0.0678044502888681,0,1661.63,1661.63,311442,1,1,1
localhost-writing_-2026_09_27_20_12_55,2026-09-27T20:12:55.350Z,/writing/,ru,0.79,1,1,1,5790.09,0,0,1140.09,1140.09,1534728,1,0,1
localhost-writing_-2026_09_27_20_13_02,2026-09-27T20:13:02.004Z,/writing/,ru,0.79,1,1,1,5724.67,0,0,1137.33,1137.33,1534728,1,0,1
localhost-en_writing_-2026_09_27_20_13_06,2026-09-27T20:13:06.654Z,/en/writing/,en,0.88,1,1,1,3934.26,0,0,1142.13,1142.13,632083,1,1,1
localhost-en_writing_-2026_09_27_20_13_13,2026-09-27T20:13:13.299Z,/en/writing/,en,0.96,1,1,1,2782.4,0,0,1136.1,1136.1,632083,1,1,1
localhost-topics_-2026_09_27_20_13_17,2026-09-27T20:13:17.408Z,/topics/,ru,0.99,1,1,1,2106.69,0,0,1135.03,1135.03,165022,1,1,1
localhost-topics_-2026_09_27_20_13_24,2026-09-27T20:13:24.066Z,/topics/,ru,0.99,1,1,1,2107.35,0,0,1136.03,1136.03,165022,1,1,1
localhost-projects_-2026_09_27_20_13_28,2026-09-27T20:13:28.072Z,/projects/,ru,0.98,1,1,1,2332.89,0,0,1288.81,1288.81,182447,1,1,1
localhost-projects_-2026_09_27_20_13_34,2026-09-27T20:13:34.780Z,/projects/,ru,0.98,1,1,1,2334.77,0,0,1369.54,1369.54,182447,1,1,1
localhost-en_projects_-2026_09_27_20_13_39,2026-09-27T20:13:39.388Z,/en/projects/,en,0.97,1,1,1,2631.55,0,0,1134.83,1134.83,255132,1,1,1
localhost-en_projects_-2026_09_27_20_13_46,2026-09-27T20:13:46.247Z,/en/projects/,en,0.97,1,1,1,2634.26,0,0,1138.89,1138.89,255132,1,1,1
localhost-projects_volta_-2026_09_27_20_13_50,2026-09-27T20:13:50.618Z,/projects/volta/,ru,0.98,1,1,1,2258.07,0,0,1287.1,1287.1,196405,1,1,1
localhost-projects_volta_-2026_09_27_20_13_57,2026-09-27T20:13:57.592Z,/projects/volta/,ru,0.98,1,1,1,2257.01,0,0,1210.52,1210.52,196405,1,1,1
localhost-posts_cohort_retention_guide_-2026_09_27_20_14_02,2026-09-27T20:14:02.391Z,/posts/cohort-retention-guide/,ru,0.97,1,1,1,2407.96,0,0,1436.94,1436.94,188862,1,1,1
localhost-posts_cohort_retention_guide_-2026_09_27_20_14_09,2026-09-27T20:14:09.765Z,/posts/cohort-retention-guide/,ru,0.97,1,1,1,2410.01,0,0,1440.01,1440.01,188862,1,1,1
localhost-about_-2026_09_27_20_14_13,2026-09-27T20:14:13.583Z,/about/,ru,0.98,1,1,1,2258.97,0,0,1367.93,1367.93,183522,1,1,1
localhost-about_-2026_09_27_20_14_20,2026-09-27T20:14:20.929Z,/about/,ru,0.98,1,1,1,2260.19,0,0,1370.37,1370.37,183522,1,1,1
localhost-value_-2026_09_27_20_14_24,2026-09-27T20:14:24.364Z,/value/,ru,0.99,1,1,1,2108.19,0,0,1137.28,1137.28,165219,1,1,1
localhost-value_-2026_09_27_20_14_31,2026-09-27T20:14:31.760Z,/value/,ru,0.99,1,1,1,2106.94,0,0,1135.41,1135.41,165219,1,1,1
localhost-contact_-2026_09_27_20_14_34,2026-09-27T20:14:34.809Z,/contact/,ru,0.99,1,1,1,2107.39,0,0,1136.08,1136.08,166045,1,1,1
localhost-contact_-2026_09_27_20_14_42,2026-09-27T20:14:42.721Z,/contact/,ru,0.99,1,1,1,2107.71,0,0,1136.56,1136.56,166045,1,1,1
localhost-en_contact_-2026_09_27_20_14_45,2026-09-27T20:14:45.306Z,/en/contact/,en,0.97,1,1,1,2559.05,0,0,1138.57,1138.57,240300,1,1,1
localhost-en_contact_-2026_09_27_20_14_53,2026-09-27T20:14:53.242Z,/en/contact/,en,0.97,1,1,1,2557.03,0,0,1135.55,1135.55,240300,1,1,1
localhost-graph_-2026_09_27_20_14_55,2026-09-27T20:14:55.775Z,/graph/,ru,0.97,1,1,1,2408.51,0,0,1439.89,1439.89,195532,1,1,1
localhost-graph_-2026_09_27_20_15_03,2026-09-27T20:15:03.777Z,/graph/,ru,0.97,1,1,1,2408.43,0,0,1439.75,1439.75,195532,1,1,1
localhost-404_html-2026_09_27_20_15_06,2026-09-27T20:15:06.728Z,/404.html,ru,0.99,1,1,1,2111.16,0,0,1141.73,1141.73,166767,1,1,1
localhost--2026_09_27_20_43_29,2026-09-27T20:43:29.414Z,/,ru,0.96,1,1,1,2574.74,0.06902697833868777,0,1369.79,1369.79,219293,1,1,1
localhost-en_-2026_09_27_20_43_41,2026-09-27T20:43:41.329Z,/en/,en,0.92,1,1,1,3156.89,0.0678044502888681,0,1660.33,1660.33,311444,1,1,1
localhost-writing_-2026_09_27_20_43_52,2026-09-27T20:43:52.400Z,/writing/,ru,0.96,1,1,1,2721.83,0,0,1138.1,1138.1,532619,1,1,1
localhost-en_writing_-2026_09_27_20_44_03,2026-09-27T20:44:03.237Z,/en/writing/,en,0.95,1,1,1,2932.34,0,0,1137.85,1137.85,343270,1,1,1
localhost-topics_-2026_09_27_20_44_14,2026-09-27T20:44:14.028Z,/topics/,ru,0.99,1,1,1,2114.77,0,0,1147.15,1147.15,165022,1,1,1
localhost-projects_-2026_09_27_20_44_29,2026-09-27T20:44:29.804Z,/projects/,ru,0.98,1,1,1,2334.52,0,0,1289.27,1289.27,182448,1,1,1
localhost-en_projects_-2026_09_27_20_44_41,2026-09-27T20:44:41.383Z,/en/projects/,en,0.97,1,1,1,2632.15,0,0,1135.73,1135.73,255133,1,1,1
localhost-projects_volta_-2026_09_27_20_44_52,2026-09-27T20:44:52.945Z,/projects/volta/,ru,0.98,1,1,1,2257.71,0,0,1286.57,1286.57,196406,1,1,1
localhost-posts_cohort_retention_guide_-2026_09_27_20_45_04,2026-09-27T20:45:04.763Z,/posts/cohort-retention-guide/,ru,0.98,1,1,1,2258.9,0,0,1211.13,1211.13,188863,1,1,1
localhost-about_-2026_09_27_20_45_16,2026-09-27T20:45:16.200Z,/about/,ru,0.97,1,1,1,2408,0,0,1366.01,1366.01,183524,1,1,1
localhost-value_-2026_09_27_20_45_27,2026-09-27T20:45:27.108Z,/value/,ru,0.99,1,1,1,2106.5,0,0,1134.75,1134.75,165220,1,1,1
localhost-contact_-2026_09_27_20_45_37,2026-09-27T20:45:37.765Z,/contact/,ru,0.99,1,1,1,2106.73,0,0,1135.1,1135.1,166044,1,1,1
localhost-en_contact_-2026_09_27_20_45_48,2026-09-27T20:45:48.462Z,/en/contact/,en,0.97,1,1,1,2556.95,0,0,1135.43,1135.43,240302,1,1,1
localhost-graph_-2026_09_27_20_45_59,2026-09-27T20:45:59.076Z,/graph/,ru,0.97,1,1,1,2408.24,0,0,1439.42,1439.42,195533,1,1,1
localhost-404_html-2026_09_27_20_46_10,2026-09-27T20:46:10.111Z,/404.html,ru,0.99,1,1,1,2108.25,0,0,1137.37,1137.37,166768,1,1,1
localhost--2026_09_27_21_24_22,2026-09-27T21:24:22.092Z,/,ru,0.96,1,1,1,2592.26,0.06902697833868777,0,1326.36,1326.36,219293,1,1,1
localhost-en_-2026_09_27_21_24_34,2026-09-27T21:24:34.486Z,/en/,en,0.92,1,1,1,3162.76,0.0678044502888681,0,1669.15,1669.15,311444,1,1,1
localhost-writing_-2026_09_27_21_24_45,2026-09-27T21:24:45.662Z,/writing/,ru,0.95,1,1,1,2872.49,0,0,939,939,532619,1,1,1
localhost-en_writing_-2026_09_27_21_24_57,2026-09-27T21:24:57.642Z,/en/writing/,en,0.95,1,1,1,2935.1,0,0,1140.15,1140.15,343270,1,1,1
localhost-topics_-2026_09_27_21_25_08,2026-09-27T21:25:08.613Z,/topics/,ru,0.99,1,1,1,2111.75,0,0,1139.69,1139.69,165022,1,1,1
localhost-projects_-2026_09_27_21_25_19,2026-09-27T21:25:19.455Z,/projects/,ru,0.99,1,1,1,2187.21,0,0,1218.32,1218.32,182448,1,1,1
localhost-en_projects_-2026_09_27_21_25_30,2026-09-27T21:25:30.667Z,/en/projects/,en,0.97,1,1,1,2634.63,0,0,1139.44,1139.44,255133,1,1,1
localhost-projects_volta_-2026_09_27_21_25_42,2026-09-27T21:25:42.319Z,/projects/volta/,ru,0.99,1,1,1,2110.55,0,0,1215.83,1215.83,196406,1,1,1
localhost-posts_cohort_retention_guide_-2026_09_27_21_25_54,2026-09-27T21:25:54.297Z,/posts/cohort-retention-guide/,ru,0.98,1,1,1,2258.47,0,0,1285.58,1285.58,188863,1,1,1
localhost-about_-2026_09_27_21_26_05,2026-09-27T21:26:05.628Z,/about/,ru,0.97,1,1,1,2406.91,0,0,1363.82,1363.82,183524,1,1,1
localhost-value_-2026_09_27_21_26_16,2026-09-27T21:26:16.529Z,/value/,ru,0.99,1,1,1,2108.96,0,0,1138.44,1138.44,165220,1,1,1
localhost-contact_-2026_09_27_21_26_27,2026-09-27T21:26:27.359Z,/contact/,ru,0.99,1,1,1,2107.33,0,0,1136,1136,166044,1,1,1
localhost-en_contact_-2026_09_27_21_26_37,2026-09-27T21:26:37.947Z,/en/contact/,en,0.97,1,1,1,2557.22,0,0,1135.84,1135.84,240302,1,1,1
localhost-graph_-2026_09_27_21_26_48,2026-09-27T21:26:48.520Z,/graph/,ru,0.98,1,1,1,2260.4,0,0,1443.2,1443.2,195552,1,1,1
localhost-404_html-2026_09_27_21_26_59,2026-09-27T21:26:59.705Z,/404.html,ru,0.99,1,1,1,2107.46,0,0,1136.19,1136.19,166768,1,1,1
localhost--2026_10_04_19_22_27,2026-10-04T19:22:27.654Z,/,ru,0.55,1,1,0.92,24167.38,0.06478483939922386,55.5,11515.09,11515.09,3948785,1,0,0
localhost--2026_10_04_19_22_41,2026-10-04T19:22:41.628Z,/,ru,0.57,1,1,0.92,10360.93,0.06902697833868777,89,6984.11,6984.11,3948817,1,0,0
localhost--2026_10_04_19_22_53,2026-10-04T19:22:53.381Z,/,ru,0.57,1,1,0.92,10354.81,0.06902697833868777,87.5,6679.01,6679.01,3948764,1,0,0
localhost-en_-2026_10_04_19_23_04,2026-10-04T19:23:04.946Z,/en/,en,0.58,1,1,0.92,9607.55,0.0678044502888681,101,6153.77,6153.77,3457703,1,0,0
localhost-en_-2026_10_04_19_23_16,2026-10-04T19:23:16.800Z,/en/,en,0.57,1,1,0.92,9457.67,0.0678044502888681,107,6904.79,6904.79,3457703,1,0,0
localhost-en_-2026_10_04_19_23_28,2026-10-04T19:23:28.332Z,/en/,en,0.58,1,1,0.92,9609.97,0.0678044502888681,104,6032.98,6032.98,3457703,1,0,0
localhost--2026_10_04_19_34_47,2026-10-04T19:34:47.991Z,/,ru,0.87,1,1,1,3604.8,0.004242138939463917,0,2329.8,2329.8,402269,1,1,1
localhost--2026_10_04_19_34_59,2026-10-04T19:34:59.870Z,/,ru,0.86,1,1,1,3607.23,0.06902697833868777,0,2407.23,2407.23,402269,1,1,1
localhost--2026_10_04_19_35_10,2026-10-04T19:35:10.950Z,/,ru,0.86,1,1,1,3606.14,0.06902697833868777,0,2406.14,2406.14,402269,1,1,1
localhost-en_-2026_10_04_19_35_21,2026-10-04T19:35:21.989Z,/en/,en,0.82,1,1,1,4206.85,0.003019610889644242,0,2556.85,2556.85,489157,1,0,1
localhost-en_-2026_10_04_19_35_33,2026-10-04T19:35:33.267Z,/en/,en,0.81,1,1,1,4210.21,0.0678044502888681,0,2560.21,2560.21,489157,1,0,1
localhost-en_-2026_10_04_19_35_44,2026-10-04T19:35:44.573Z,/en/,en,0.82,1,1,1,4205.14,0.0678044502888681,0,2480.14,2480.14,489157,1,0,1
localhost--2026_10_04_19_53_54,2026-10-04T19:53:54.003Z,/,ru,0.96,1,1,1,2589.72,0.06902697833868777,0,1448.17,1448.17,228184,1,1,1
localhost-en_-2026_10_04_19_54_06,2026-10-04T19:54:06.351Z,/en/,en,0.91,1,1,1,3160.94,0.0678044502888681,0,1816.42,1816.42,320324,1,1,1
localhost-writing_-2026_10_04_19_54_18,2026-10-04T19:54:18.839Z,/writing/,ru,0.95,1,1,1,2886.06,0,0,1287.02,1287.02,541433,1,1,1
localhost-en_writing_-2026_10_04_19_54_30,2026-10-04T19:54:30.400Z,/en/writing/,en,0.95,1,1,1,2939.6,0,0,1289.6,1289.6,352081,1,1,1
localhost-topics_-2026_10_04_19_54_41,2026-10-04T19:54:41.378Z,/topics/,ru,0.98,1,1,1,2258.94,0,0,1283.94,1283.94,173830,1,1,1
localhost-projects_-2026_10_04_19_54_52,2026-10-04T19:54:52.147Z,/projects/,ru,0.98,1,1,1,2334.3,0,0,1436.62,1436.62,191744,1,1,1
localhost-en_projects_-2026_10_04_19_55_03,2026-10-04T19:55:03.673Z,/en/projects/,en,0.95,1,1,1,2785.23,0,0,1437.79,1437.79,264380,1,1,1
localhost-projects_volta_-2026_10_04_19_55_15,2026-10-04T19:55:15.150Z,/projects/volta/,ru,0.97,1,1,1,2408.04,0,0,1435.04,1435.04,205267,1,1,1
localhost-posts_cohort_retention_guide_-2026_10_04_19_55_26,2026-10-04T19:55:26.889Z,/posts/cohort-retention-guide/,ru,0.98,1,1,1,2256.62,0,0,1358.27,1358.27,197700,1,1,1
localhost-about_-2026_10_04_19_55_38,2026-10-04T19:55:38.497Z,/about/,ru,0.97,1,1,1,2411.02,0,0,1513.78,1513.78,192939,1,1,1
localhost-value_-2026_10_04_19_55_49,2026-10-04T19:55:49.681Z,/value/,ru,0.99,1,1,1,2108.69,0,0,1283.69,1283.69,174031,1,1,1
localhost-contact_-2026_10_04_19_56_00,2026-10-04T19:56:00.896Z,/contact/,ru,0.99,1,1,1,2119.81,0,0,1294.81,1294.81,174844,1,1,1
localhost-en_contact_-2026_10_04_19_56_12,2026-10-04T19:56:12.272Z,/en/contact/,en,0.97,1,1,1,2560.97,0,0,1216.46,1216.46,249095,1,1,1
localhost-graph_-2026_10_04_19_56_23,2026-10-04T19:56:23.161Z,/graph/,ru,0.97,1,1,1,2411.54,0,0,1445.2,1445.2,214520,1,1,1
localhost-404_html-2026_10_04_19_56_34,2026-10-04T19:56:34.509Z,/404.html,ru,0.99,1,1,1,2107.82,0,0,1211.73,1211.73,175579,1,1,1
localhost-projects_-2026_10_05_20_16_36,2026-10-05T20:16:36.032Z,/projects/,ru,0.98,1,1,1,2410.35,0,0,1313.61,1313.61,192392,1,1,1
localhost-en_projects_-2026_10_05_20_16_48,2026-10-05T20:16:48.019Z,/en/projects/,en,0.97,1,1,1,2563,0,0,1288,1288,265286,1,1,1
